Nr,Tytuł ,"Rok bitwy, kampanii lub wojny",Autor,Wydanie,Wikipedia_url,Lat,Lng
1,"Berlin 1945",1945,"Zdzisław Stąpor","1980,2005,2015",https://pl.wikipedia.org/wiki/Operacja_berli%C5%84ska,52.51861111111111,13.376111111111111
2,"Wiedeń 1683",1683,"Leszek Podhorodecki","1980,1983,2001,2012",https://pl.wikipedia.org/wiki/Bitwa_pod_Wiedniem,48.208330555555555,16.37306388888889
3,"Grochów 1831",1831,"Wiesław Majewski","1982",https://pl.wikipedia.org/wiki/Bitwa_pod_Bia%C5%82o%C5%82%C4%99k%C4%85,52.192899999999995,20.8897
4,"Budziszyn 1945",1945,"Kazimierz Kaczmarek","1982",https://pl.wikipedia.org/wiki/Bitwa_pod_Budziszynem_(1945),51.18333333333333,14.416666666666666
5,"Połtawa 1709",1709,"Władysław A. Serczyk","1982,2004",https://pl.wikipedia.org/wiki/Bitwa_pod_Po%C5%82taw%C4%85,49.63138888888889,34.55277777777778
6,"Okinawa 1945",1945,"Antoni Wolny","1983,2004",https://pl.wikipedia.org/wiki/Bitwa_o_wysp%C4%99_Okinawa,26.5,128.0
7,"Kursk 1943",1943,"Antoni Karpiński","1983",https://pl.wikipedia.org/wiki/Bitwa_na_%C5%82uku_kurskim,51.7,36.1
8,"Lenino 1943",1943,"Kazimierz Sobczak","1983",https://pl.wikipedia.org/wiki/Bitwa_pod_Lenino,54.41711111111111,31.122194444444446
9,"Waterloo 1815",1815,"Tomasz Malarski","1984,1997,2003,2015",https://pl.wikipedia.org/wiki/Bitwa_pod_Waterloo,50.67805555555555,4.412222222222223
10,"Bzura 1939",1939,"Tadeusz Jurga","1984,2001,2013",https://pl.wikipedia.org/wiki/Bitwa_nad_Bzur%C4%85,52.2333,19.3667
11,"Saratoga–Yorktown 1777–1781",1777,"Izabella Rusinowa","1984",https://pl.wikipedia.org/wiki/Obl%C4%99%C5%BCenie_Yorktown,37.23083333333334,-76.5025
12,"Kanny 216 p.n.e.",-216,"Janusz Sikorski","1984,2012",https://pl.wikipedia.org/wiki/Bitwa_pod_Kannami,41.30638888888888,16.1325
13,"Tenochtitlan 1521",1521,"Ryszard Tomicki","1984",https://pl.wikipedia.org/wiki/Bitwa_pod_Tenochtitl%C3%A1n,19.435,-99.13139
14,"Leningrad 1941–1944",1941,"Ryszard Dzieszyński","1986,2012",https://pl.wikipedia.org/wiki/Bitwa_pod_Rosieniami,55.35,23.2833
15,"Crécy–Orlean 1346–1429",1346,"Edward Potkowski","1986",https://pl.wikipedia.org/wiki/Bitwa_pod_Cr%C3%A9cy,50.257,1.904
16,"Stalingrad 1942–1943",1942,"Kazimierz Kaczmarek","1986",https://pl.wikipedia.org/wiki/Bitwa_stalingradzka,48.7,44.516666666666666
17,"Kulikowe Pole 1380",1380,"Leszek Podhorodecki","1986,2008",https://pl.wikipedia.org/wiki/Bitwa_na_Kulikowym_Polu,53.652499999999996,38.65361111111111
18,"Szypka i Plewna 1877",1877,"Bogusław Brodecki","1986,201",https://pl.wikipedia.org/wiki/Bitwa_pod_Plewn%C4%85,43.416666666666664,24.616666666666667
19,"Akcjum 31 p.n.e.",-31,"Andrzej Murawski","1986,2003,2024",https://pl.wikipedia.org/wiki/Bitwa_pod_Akcjum,38.925,20.724999999999998
20,"Madryt 1936–1937",1936,"Lech Wyszczelski","1986",https://pl.wikipedia.org/wiki/Bitwa_o_Madryt,40.4189,-3.69194
21,"Bolonia 1945",1945,"Witold Biegański","1986",https://pl.wikipedia.org/wiki/Bitwa_o_Boloni%C4%99,44.49388888888889,11.342777777777778
22,"Zatoka Świeża 1463",1463,"Józef Wiesław Dyskant","1987,2009",https://pl.wikipedia.org/wiki/Bitwa_pod_Chojnicami,53.68847222222222,17.56263888888889
23,"Kircholm 1605",1605,"Henryk Wisner","1987,2005,2016",https://pl.wikipedia.org/wiki/Bitwa_pod_Kircholmem,56.84861111111111,24.348055555555554
24,"Moskwa 1941",1941,"Wiesław Wróblewski","1987",https://pl.wikipedia.org/wiki/Bitwa_pod_Moskw%C4%85,55.75222222222222,37.632222222222225
25,"Sewastopol 1941–1942, 1944",1941,"Tadeusz Konecki","1987",https://pl.wikipedia.org/wiki/Obl%C4%99%C5%BCenie_Sewastopola_(1941%E2%80%931942),44.60472,33.54111
26,"Kostrzyn 1945",1945,"Andrzej Toczewski","1987",https://pl.wikipedia.org/wiki/Kostrzyn_nad_Odr%C4%85,52.58833333333334,14.666666666666666
27,"Chocim 1621",1621,"Leszek Podhorodecki","1988,2008,2015",https://pl.wikipedia.org/wiki/Bitwa_pod_Chocimiem_(1621),48.49333333333333,26.502777777777776
28,"Gaugamela 331 p.n.e.",-331,"Edward Dąbrowa","1988,201",https://pl.wikipedia.org/wiki/Bitwa_pod_Cherone%C4%85_(338_p.n.e.),38.495,22.8475
29,"Narwik 1940",1940,"Janusz Odziemkowski","1988,2013",https://pl.wikipedia.org/wiki/Bitwa_o_Narwik,68.43630555555556,17.398305555555556
30,"Somosierra 1808",1808,"Robert Bielecki","1989",https://pl.wikipedia.org/wiki/Bitwa_pod_Somosierr%C4%85,41.1325,-3.58167
31,"Cuszima 1905",1905,"Józef Dyskant","1989",https://pl.wikipedia.org/wiki/Bitwa_pod_Cuszim%C4%85,34.56628333333333,130.15093333333334
32,"Dien Bien Phu 1954",1954,"Bogusław Brodecki","1989,1999,2022",https://pl.wikipedia.org/wiki/Bitwa_o_Dien_Bien_Phu,21.386944444444445,103.01555555555555
33,"Warszawa 1656",1656,"Mirosław Nagielski","1990,2009",https://pl.wikipedia.org/wiki/Bitwa_pod_Warszaw%C4%85_(1656),52.2323,21.0084
34,"Lipsk 1813",1813,"Jadwiga Nadzieja","1990,1998,2013",https://pl.wikipedia.org/wiki/Bitwa_pod_Lipskiem,51.31222222222222,12.413333333333334
35,"Berezyna 1812",1812,"Robert Bielecki","1990",https://pl.wikipedia.org/wiki/Bitwa_nad_Berezyn%C4%85_(1812),54.32472222222223,28.354444444444447
36,"Marengo 1800",1800,"Sławomir Leśniewski","1990,201",https://pl.wikipedia.org/wiki/Bitwa_pod_Marengo,44.88333333333333,8.683333333333334
37,"Podhajce 1698",1698,"Janusz Wojtasik","1990,2008",https://pl.wikipedia.org/wiki/Bitwa_pod_Podhajcami_(1698),49.269999999999996,25.14
38,"Valmy 1792",1792,"Bogdan Borucki","1990",https://pl.wikipedia.org/wiki/Bitwa_pod_Valmy,49.08027777777778,4.767222222222222
39,"Wielka Brytania 1940",1940,"Wacław Król","1990,1996,1999",https://pl.wikipedia.org/wiki/Bitwa_o_Angli%C4%99,54.0,-2.0
40,"Maciejowice 1794",1794,"Wojciech Mikuła","1991",https://pl.wikipedia.org/wiki/Bitwa_pod_Maciejowicami,51.70623888888889,21.60478888888889
41,"Warna 1444",1444,"Edward Potkowski","1990,2004",https://pl.wikipedia.org/wiki/Bitwa_pod_Warn%C4%85,43.21666666666667,27.883333333333333
42,"Gettysburg 1863",1863,"Grzegorz Swoboda","1991,1999",https://pl.wikipedia.org/wiki/Bitwa_pod_Gettysburgiem,39.811388888888885,-77.22583333333334
43,"Bastylia 1789",1789,"Robert Bielecki","1991",https://pl.wikipedia.org/wiki/Bastylia,48.85333333333333,2.368333333333333
44,"Normandia 1944",1944,"Robert Bielecki","1991",https://pl.wikipedia.org/wiki/Bitwa_o_bateri%C4%99_Merville,49.269999999999996,-0.1963888888888889
45,"Niemen 1920",1920,"Lech Wyszczelski","1991,2008",https://pl.wikipedia.org/wiki/Bitwa_nad_Niemnem,53.5,24.0
46,"Gorlice 1915",1915,"Michał Klimecki","1991,2009",https://pl.wikipedia.org/wiki/Bitwa_pod_Gorlicami,49.654444,21.159167
47,"Midway 1942",1942,"Maciej Borkowski","1992",https://pl.wikipedia.org/wiki/Bitwa_pod_Midway,30.0,-178.0
48,"Lissa 1866",1866,"Piotr Olender","1993,201",https://pl.wikipedia.org/wiki/Bitwa_pod_Liss%C4%85,43.17638888888889,16.053333333333335
49,"Lepanto 1571",1571,"Leszek Podhorodecki","1993,201",https://pl.wikipedia.org/wiki/Bitwa_pod_Lepanto_(1571),38.2,21.3
50,"Grunwald 1410",1410,"Andrzej Nadolski","1993,1996,2003,2010",https://pl.wikipedia.org/wiki/Bitwa_pod_Grunwaldem,53.483333333333334,20.1
51,"Austerlitz 1805",1805,"Robert Bielecki","1993",https://pl.wikipedia.org/wiki/Bitwa_pod_Austerlitz,49.128055555555555,16.7625
52,"Tobruk 1941–1942",1941,"Zbigniew Kwiecień","1993",https://pl.wikipedia.org/wiki/Bitwa_o_Tobruk,32.07611111111112,23.961388888888887
53,"Wagram 1809",1809,"Sławomir Leśniewski","1993,2003",https://pl.wikipedia.org/wiki/Bitwa_pod_Wagram,48.29555555555555,16.55777777777778
54,"Bitwa Jutlandzka 1916",1916,"Zbigniew Flisowski","1994",https://pl.wikipedia.org/wiki/Bitwa_jutlandzka,56.7,5.9
55,"Beresteczko 1651",1651,"Romuald Romański","1994,2007",https://pl.wikipedia.org/wiki/Bitwa_pod_Beresteczkiem,50.35,25.116666666666667
56,"Zamość 1813",1813,"Jadwiga Nadzieja","1994",https://pl.wikipedia.org/wiki/Zamo%C5%9B%C4%87,50.720555555555556,23.25861111111111
57,"Leyte 1944",1944,"Zbigniew Flisowski","1994,2004",https://pl.wikipedia.org/wiki/Bitwa_w_zatoce_Leyte,10.370000000000001,125.35499999999999
58,"Kliszów 1702",1702,"Marek Wagner","1994",https://pl.wikipedia.org/wiki/Bitwa_pod_Kliszowem,50.62222222222222,20.548611111111114
59,"Obertyn 1531",1531,"Marek Plewczyński","1994,2008,2020,2025",https://pl.wikipedia.org/wiki/Bitwa_pod_Obertynem,48.6894,25.17
60,"Maraton 490 p.n.e.",-490,"Ryszard Kulesza","1995,2021",https://pl.wikipedia.org/wiki/Bitwa_pod_Maratonem,38.11805555555556,23.97833333333333
61,"Jalu 1894",1894,"Tadeusz Maria Gelewski","1995",https://pl.wikipedia.org/wiki/Bitwa_u_uj%C5%9Bcia_Jalu,39.21388888888889,123.12638888888888
62,"Batoh 1652",1652,"Wojciech Jacek Długołęcki","1995,2008",https://pl.wikipedia.org/wiki/Bitwa_pod_Batohem,48.591667,29.282222
63,"Sycylia 1943",1943,"Jerzy Naziębło","1995",https://pl.wikipedia.org/wiki/Operacja_Husky,38.11666666666667,13.366666666666667
64,"Warszawa 1920",1920,"Lech Wyszczelski","1995,2005,2010",https://en.wikipedia.org/wiki/Warsaw,52.230000000000004,21.011111111111113
65,"Jerozolima 1099",1099,"Sławomir Leśniewski","1995,2008,2021",https://pl.wikipedia.org/wiki/Bitwa_pod_Askalonem,31.670555555555556,34.558055555555555
66,"Santiago 1898",1898,"Bogusław W. Winid","1995",https://pl.wikipedia.org/wiki/Bitwa_pod_Santiago_de_Cuba,19.96,-75.875
67,"Cudnów 1660",1660,"Romuald Romański","1996,2008",https://pl.wikipedia.org/wiki/Bitwa_pod_Cudnowem,50.06,28.18
68,"Legnica 1241",1241,"Jerzy Maroń","1996,2008,2017",https://pl.wikipedia.org/wiki/Bitwa_pod_Legnic%C4%85,51.14527777777778,16.222777777777775
69,"Port Artur 1904",1904,"Józef Dyskant","1996",https://pl.wikipedia.org/wiki/Bitwa_na_Morzu_%C5%BB%C3%B3%C5%82tym,38.4,121.7
70,"Alamo–San Jacinto 1836",1836,"Jarosław Wojtczak","1996,2021",https://pl.wikipedia.org/wiki/Bitwa_o_Alamo,29.425555555555558,-98.48611111111111
71,"El Alamein 1942",1942,"Stefan Czmur","1997",https://pl.wikipedia.org/wiki/I_bitwa_pod_El_Alamein,30.841388888888886,28.942777777777778
72,"Kunersdorf 1759",1759,"Mirosław G. Przeździecki","1997",https://pl.wikipedia.org/wiki/Bitwa_pod_Kunowicami,52.35305555555556,14.612777777777778
73,"Raszyn 1809",1809,"Romuald Romański","1997,2007",https://pl.wikipedia.org/wiki/Bitwa_pod_Raszynem_(1809),52.14945,20.91483611111111
74,"Ateny–Sparta 431–404 p.n.e.",-431,"Ryszard Kulesza","1997,2021,2025",https://pl.wikipedia.org/wiki/Bitwa_o_Sfakteri%C4%99,36.93013611111111,21.665725
75,"Little Big Horn 1876",1876,"Grzegorz Swoboda","1998,2017,2023",https://pl.wikipedia.org/wiki/Bitwa_nad_Little_Bighorn,45.57027777777778,-107.42758333333333
76,"Lwów 1918–1919",1918,"Michał Klimecki","1998,2011",https://pl.wikipedia.org/wiki/Bitwa_o_Lw%C3%B3w_(1918%E2%80%931919),49.83,24.0142
77,"Meksyk 1847",1847,"Jarosław Wojtczak","1998,2009,2021,2024",https://pl.wikipedia.org/wiki/Bitwa_pod_Chapultepec,19.421111111111113,-99.18194444444445
78,"Warszawa 1831",1831,"Tomasz Strzeżek","1998,201",https://pl.wikipedia.org/wiki/Atak_na_Belweder,52.21333333333334,21.02777777777778
79,"Ko Chang 1941",1941,"Józef Dyskant","1999,2003",https://pl.wikipedia.org/wiki/Bitwa_pod_Ko_Chang,12.001,102.45100000000001
80,"Kijów 1920",1920,"Lech Wyszczelski","1999",https://pl.wikipedia.org/wiki/Wyprawa_kijowska_(1920),50.45,30.5167
81,"Egipt 1798–1801",1798,"Tomasz Rogacki","1999",https://pl.wikipedia.org/wiki/Bitwa_pod_piramidami,30.083333333333332,31.2
82,"Głogów 1109",1109,"Karol Olejnik","1999",https://pl.wikipedia.org/wiki/Bitwa_na_Psim_Polu,51.144444444444446,17.116666666666667
83,"Iganie 1831",1831,"Tomasz Strzeżek","1999",https://pl.wikipedia.org/wiki/Bitwa_pod_Iganiami,52.1672,22.2106
84,"Łuk Donu 1942–1943",1942,"Péter Szabó","2000",https://pl.wikipedia.org/wiki/Bitwa_na_%C5%82uku_kurskim,51.7,36.1
85,"Naseby 1645",1645,"Jarosław Wojtczak","2000,2025",https://pl.wikipedia.org/wiki/Bitwa_pod_Naseby,52.41555555555556,-0.9952777777777777
86,"Zieleńce–Mir–Dubienka 1792",1792,"Piotr Derdej","2000",https://pl.wikipedia.org/wiki/Bitwa_pod_Dubienk%C4%85_(1792),51.07781388888889,23.866152777777778
87,"Orsza 1514",1514,"Piotr Dróżdż","2000,2014",https://pl.wikipedia.org/wiki/Bitwa_pod_Orsz%C4%85_(1514),54.5,30.383333
88,"Czortków 1919",1919,"Michał Klimecki","2000,2022",https://pl.wikipedia.org/wiki/Czortk%C3%B3w,49.0,25.766666666666666
89,"Quebec 1759",1759,"Jarosław Wojtczak","2000,2021",https://pl.wikipedia.org/wiki/Bitwa_na_R%C3%B3wninie_Abrahama,46.80166666666666,-71.22
90,"Nowy Orlean 1815",1815,"Robert Kłosowicz","2000",https://pl.wikipedia.org/wiki/Bitwa_pod_Nowym_Orleanem,29.9425,-89.99083333333333
91,"Przedmoście Rumuńskie 1939",1939,"Wojciech Włodarkiewicz","2001,2013",https://pl.wikipedia.org/wiki/Bitwa_nad_Bzur%C4%85,52.2333,19.3667
92,"Smoleńsk 1632–1634",1632,"Dariusz Kupisz","2001,2017",https://pl.wikipedia.org/wiki/Obl%C4%99%C5%BCenie_Smole%C5%84ska_(1632%E2%80%931634),54.7833,32.05
93,"Prostki 1656",1656,"Sławomir Augusiewicz","2001",https://pl.wikipedia.org/wiki/Bitwa_pod_Prostkami,53.69888888888889,22.43277777777778
94,"Szack–Wytyczno 1939",1939,"Czesław Grzelak","2001,2022",https://pl.wikipedia.org/wiki/Bitwa_pod_Szackiem,51.4878,23.9297
95,"Strzegom–Dobromierz 1745",1745,"Robert Kisiel","2001",https://pl.wikipedia.org/wiki/Bitwa_pod_Dobromierzem,50.958958333333335,16.294194444444447
96,"Benewent 275 p.n.e.",-275,"Krzysztof Kęciek","2001,2021",https://pl.wikipedia.org/wiki/Bitwa_pod_Benewentem_(275_p.n.e.),41.133333,14.783333
97,"Oliwa 1627",1627,"Eugeniusz Koczorowski","2001,2008",https://pl.wikipedia.org/wiki/Bitwa_pod_Oliw%C4%85,54.46666666666667,18.7
98,"Budapeszt 1944–1945",1944,"Marcin Sowa","2002",https://pl.wikipedia.org/wiki/Obl%C4%99%C5%BCenie_Budapesztu,47.49833,19.04083
99,"Wilno–Grodno–Kodziowce 1939",1939,"Czesław Grzelak","2002",https://pl.wikipedia.org/wiki/Obrona_Wilna_(1939),54.6667,25.3167
100,"Kynoskefalaj 197 p.n.e.",-197,"Krzysztof Kęciek","2002,2009,2021",https://pl.wikipedia.org/wiki/Bitwa_pod_Kynoskefalaj_(197_p.n.e.),39.4167,22.5667
101,"Big Hole 1877",1877,"Jarosław Wojtczak","2002,2022",https://en.wikipedia.org/wiki/Battle_of_the_Big_Hole,45.6475,-113.65083333333334
102,"Łuck 1916",1916,"Stanisław Czerep","2002",https://pl.wikipedia.org/wiki/Bitwa_nad_jeziorem_Narocz,54.853501,26.776143
103,"Cedynia 972",972,"Paweł Rochala","2002,2013",https://pl.wikipedia.org/wiki/Bitwa_pod_Cedyni%C4%85,52.85538888888889,14.157361111111111
104,"Trafalgar 1805",1805,"Józef Dyskant","2002",https://pl.wikipedia.org/wiki/Bitwa_pod_Trafalgarem,36.25,-6.2
105,"Borodino 1812",1812,"Piotr Dróżdż","2003",https://pl.wikipedia.org/wiki/Bitwa_pod_Borodino,55.516666666666666,35.81666666666667
106,"Bannockburn 1314",1314,"Jarosław Wojtczak","2003,2011",https://pl.wikipedia.org/wiki/Bitwa_pod_Bannockburn,56.093333333333334,-3.937777777777778
107,"Lwów 1939",1939,"Wojciech Włodarkiewicz","2003,2007",https://pl.wikipedia.org/wiki/Bitwa_o_Lw%C3%B3w_(1920),49.8425,24.03222222222222
108,"Farsalos 48 p.n.e.",-48,"Romuald Romański","2003,2022",https://pl.wikipedia.org/wiki/Bitwa_pod_Farsalos,39.3,22.383333333333333
109,"Magnezja 190 p.n.e.",-190,"Krzysztof Kęciek","2003,2021",https://pl.wikipedia.org/wiki/Bitwa_pod_Magnezj%C4%85,38.6167,27.433300000000003
110,"Batoche 1885",1885,"Grzegorz Swoboda","2003",https://en.wikipedia.org/wiki/Batoche,52.755,-106.11611111111111
111,"Wietnam 1962–1975",1962,"Artur Dmochowski","2003",https://pl.wikipedia.org/wiki/Wietnam,16.0,108.0
112,"Hastings 1066",1066,"Jacek Soszyński","2003",https://pl.wikipedia.org/wiki/Bitwa_pod_Hastings,50.911944444444444,0.4875
113,"Falaise 1944",1944,"Jadwiga Nadzieja","2003,2022",https://pl.wikipedia.org/wiki/Bitwa_pod_Falaise,48.89277777777778,-0.19194444444444442
114,"Praga 1757",1757,"Robert Kisiel","2003",https://pl.wikipedia.org/wiki/Bitwa_pod_Prag%C4%85,50.076,14.557
115,"Połock 1579",1579,"Dariusz Kupisz","2003,2014",https://pl.wikipedia.org/wiki/Obl%C4%99%C5%BCenie_Po%C5%82ocka,55.48688888888889,28.760805555555557
116,"Warka–Gniezno 1656",1656,"Paweł Skworoda","2003",https://pl.wikipedia.org/wiki/Bitwa_pod_Wark%C4%85,51.7833,21.2
117,"Kłuszyn 1610",1610,"Robert Szcześniak","2004,2008,2016",https://pl.wikipedia.org/wiki/Bitwa_pod_K%C5%82uszynem,55.6575,34.93
118,"Hattin 1187",1187,"Piotr Biziuk","2004,2022",https://pl.wikipedia.org/wiki/Bitwa_pod_Hittin,32.79830555555555,35.45955555555556
119,"Żółte Wody–Korsuń 1648",1648,"Witold Biernacki","2004,2008",https://pl.wikipedia.org/wiki/Bitwa_nad_%C5%BB%C3%B3%C5%82tymi_Wodami,48.48463888888889,33.49611111111111
120,"Pruska Iława 1807",1807,"Tomasz Rogacki","2004",https://pl.wikipedia.org/wiki/Bitwa_pod_Olsztynem,53.86277777777778,20.396944444444443
121,"Ardeny 1944–1945",1944,"Norbert Bączyk","2004,2022",https://pl.wikipedia.org/wiki/Ofensywa_w_Ardenach,50.6243,6.13724
122,"Niemcza 1017",1017,"Paweł Rochala","2004,2017,2025",https://pl.wikipedia.org/wiki/Niemcza,50.715833333333336,16.834999999999997
123,"Malta 1565",1565,"Andrzej Zieliński","2004,2015",https://pl.wikipedia.org/wiki/Obl%C4%99%C5%BCenie_Malty_(1565),35.89194444444444,14.518333333333334
124,"Vicksburg 1862–1863",1862,"Jarosław Wojtczak","2004,2022",https://pl.wikipedia.org/wiki/Vicksburg,32.35,-90.88333333333334
125,"Koronowo 1410",1410,"Piotr Derdej","2004,2008",https://pl.wikipedia.org/wiki/Bitwa_pod_Koronowem,53.3569,17.8111
126,"Powstanie Mahdiego 1881–1899",1881,"Daniel Gazda","2004",https://pl.wikipedia.org/wiki/Bitwa_pod_Omdurmanem,15.751944444444444,32.520133333333334
127,"Tarutino 1812",1812,"Andrzej Dusiewicz","2004",https://pl.wikipedia.org/wiki/Bitwa_pod_Tarutino,55.17722222222222,37.00277777777778
128,"Moskwa 1612",1612,"Tomasz Bohun","2005,2007,2023",https://en.wikipedia.org/wiki/Moscow,55.755833333333335,37.617777777777775
129,"Galicja Wschodnia 1920",1920,"Michał Klimecki","2005",https://pl.wikipedia.org/wiki/Galicja_Wschodnia,49.841889,24.0315
130,"Inczhon–Seul 1950",1950,"Robert Kłosowicz","2005",https://pl.wikipedia.org/wiki/Bitwa_o_Inczon,37.483333333333334,126.63333333333334
131,"Babilon 729–648 p.n.e.",-729,"Piotr Biziuk","2005,2020,2024",https://pl.wikipedia.org/wiki/Bitwa_pod_Karkar_(853_p.n.e.),35.74277777777778,36.330555555555556
132,"Pola Katalaunijskie 451",451,"Daniel Gazda","2005,201",https://pl.wikipedia.org/wiki/Bitwa_na_Polach_Katalaunijskich_(451),49.0,4.5
133,"Las Teutoburski 9 rok n.e.",9,"Paweł Rochala","2005,2008",https://pl.wikipedia.org/wiki/Bitwa_w_Lesie_Teutoburskim,52.408055555555556,8.129444444444445
134,"Magenta–Solferino 1859",1859,"Ryszard Dzieszyński","2005",https://pl.wikipedia.org/wiki/Bitwa_pod_Solferino,45.367222222222225,10.56638888888889
135,"Połonka–Basia 1660",1660,"Marcin Gawęda","2005",https://pl.wikipedia.org/wiki/Po%C5%82onka_(obw%C3%B3d_brzeski),53.14611111111111,25.71333333333333
136,"Siedmiogród 1944",1944,"Marcin Sowa","2005",https://pl.wikipedia.org/wiki/Siedmiogr%C3%B3d,46.766666666666666,23.583333333333332
137,"Zbaraż 1649",1649,"Kacper Śledziński","2005",https://pl.wikipedia.org/wiki/Bitwa_pod_Zborowem,49.69499999999999,25.1344
138,"Tannenberg 1914",1914,"Piotr Szlanta","2005,2010,2022",https://pl.wikipedia.org/wiki/Bitwa_pod_Tannenbergiem,53.49583333333334,20.134444444444444
139,"Detroit 1763",1763,"Aleksander Sudak","2006",https://en.wikipedia.org/wiki/Siege_of_Fort_Detroit,42.32805555555556,-83.04777777777778
140,"Hammerstein 1627",1627,"Paweł Skworoda","2006",https://pl.wikipedia.org/wiki/Bitwa_pod_Czarnem,53.68388888888889,16.939722222222223
141,"Dublin 1916",1916,"Grzegorz Swoboda","2006",https://en.wikipedia.org/wiki/Dublin,53.35,-6.260277777777778
142,"Cajamarca 1532",1532,"Andrzej Tarczyński","2006",https://pl.wikipedia.org/wiki/Bitwa_pod_Cajamarca,-7.156944444444445,-78.5175
143,"Chancellorsville 1863",1863,"Jan Szkudliński","2006",https://pl.wikipedia.org/wiki/Bitwa_pod_Chancellorsville,38.31055555555555,-77.64833333333334
144,"Przemyśl 1656–1657",1656,"Andrzej Borcz","2006,2015",https://pl.wikipedia.org/wiki/Bitwa_pod_Jaros%C5%82awiem_(1656),50.0167,22.666700000000002
145,"Krym 1854–1855",1854,"Michał Klimecki","2006,2022",https://pl.wikipedia.org/wiki/Obl%C4%99%C5%BCenie_Sewastopola_(1854%E2%80%931855),44.62,33.52
146,"Warszawa 1944–1945",1944,"Piotr Rozwadowski","2006",https://pl.wikipedia.org/wiki/Bitwa_pod_Warszaw%C4%85_(1944),52.418055555555554,21.18111111111111
147,"Alezja 52 p.n.e.",-52,"Tomasz Romanowski","2006",https://pl.wikipedia.org/wiki/Bitwa_pod_Alezj%C4%85,47.53722222222222,4.500277777777778
148,"Moskwa 1617–1618",1617,"Andrzej Adam Majewski","2006,2016",https://pl.wikipedia.org/wiki/Bitwa_pod_Mo%C5%BCajskiem_(1618),55.50875,36.01797222222222
149,"Psków 1581–1582",1581,"Dariusz Kupisz","2006,2015",https://pl.wikipedia.org/wiki/Obl%C4%99%C5%BCenie_Pskowa,57.816700000000004,28.3333
150,"Civita Castellana 1798",1798,"Marian Witasek","2007",https://pl.wikipedia.org/wiki/Civita_Castellana,42.28333333333333,12.4
151,"Falklandy–Port Stanley 1982",1982,"Krzysztof Kubiak","2007",https://pl.wikipedia.org/wiki/Bitwa_o_wzg%C3%B3rza_Darwin_i_Goose_Green,-51.82888888888889,-58.969166666666666
152,"Smoleńsk 1812",1812,"Andrzej Dusiewicz","2007",https://pl.wikipedia.org/wiki/Bitwa_pod_Smole%C5%84skiem_(1812),54.78333333333333,32.05
153,"Navarino 1827",1827,"Artur Bojarski","2007",https://pl.wikipedia.org/wiki/Bitwa_pod_Navarino_(1827),36.93583333333333,21.68777777777778
154,"Sand Creek 1864",1864,"Jarosław Wojtczak","2007,2023",https://pl.wikipedia.org/wiki/Masakra_nad_Sand_Creek,38.54944444444444,-102.51138888888889
155,"Cecora 1620",1620,"Kacper Śledziński","2007,2014",https://pl.wikipedia.org/wiki/Cecora,47.13333333333333,27.783333333333335
156,"Adrianopol 378. Rzeka Frigidus 394",378,"Daniel Gazda","2007,2021",https://pl.wikipedia.org/wiki/Bitwa_pod_Adrianopolem,41.8,26.6
157,"Wyprawa sycylijska 415–413 p.n.e.",-415,"Grzegorz Lach","2007",https://pl.wikipedia.org/wiki/Bitwa_morska_pod_Kyme,40.84861111111111,14.053611111111111
158,"Charków–Donbas 1943",1943,"Łukasz Przybyło","2007",https://pl.wikipedia.org/wiki/Bitwa_o_Chark%C3%B3w_(1943),49.96666666666667,36.31666666666667
159,"Sadowa 1866",1866,"Ryszard Dzieszyński","2007",https://pl.wikipedia.org/wiki/Bitwa_pod_Sadow%C4%85,50.21,15.83
160,"Chocim 1673",1673,"Damian Orłowski","2007,2022",https://pl.wikipedia.org/wiki/Bitwa_pod_Chocimiem_(1673),48.5,26.5
161,"Afryka Wschodnia 1914–1918",1914,"Paweł Brudek","2008,2023",https://pl.wikipedia.org/wiki/Niemiecka_Afryka_Wschodnia,-2.4130555555555553,30.54361111111111
162,"Konstantynopol 1453",1453,"Marian Witasek","2008",https://pl.wikipedia.org/wiki/Obl%C4%99%C5%BCenie_Konstantynopola_(1422),41.0167,28.976899999999997
163,"Małojarosławiec 1812",1812,"Rafał Kowalczyk","2008",https://pl.wikipedia.org/wiki/Bitwa_pod_Ma%C5%82ojaros%C5%82awcem,55.02166666666667,36.458333333333336
164,"Powstanie Spartakusa 73–71 p.n.e.",-73,"Bernard Nowaczyk","2008",https://pl.wikipedia.org/wiki/Powstanie_Spartakusa,41.1,14.2
165,"Blenheim–Höchstädt 1704",1704,"Rafał Radziwonka","2008",https://pl.wikipedia.org/wiki/Bitwa_pod_Blenheim,48.65,10.55
166,"Boyne 1690",1690,"Jarosław Wojtczak","2008",https://pl.wikipedia.org/wiki/Bitwa_nad_Boyne,53.723055555555554,-6.423611111111112
167,"Wilno 1919–1920",1919,"Lech Wyszczelski","2008",https://pl.wikipedia.org/wiki/Wilno,54.68333333333333,25.283333333333335
168,"Fuengirola 1810",1810,"Krzysztof Mazowski","2008",https://pl.wikipedia.org/wiki/Bitwa_pod_Fuengirol%C4%85,36.55202,-4.620080000000001
169,"Kartagina 149–146 p.n.e.",-149,"Bernard Nowaczyk","2008",https://pl.wikipedia.org/wiki/Obl%C4%99%C5%BCenie_Kartaginy,36.853100000000005,10.3231
170,"Pekin, Szanghaj, Nankin 1937–1945",1937,"Michał Klimecki","2008",https://pl.wikipedia.org/wiki/Pekin,39.916666666666664,116.38333333333334
171,"Kamieniec Podolski 1672",1672,"Piotr Derdej","2009",https://pl.wikipedia.org/wiki/Obl%C4%99%C5%BCenie_Kamie%C5%84ca_Podolskiego_(1672),48.68333333333333,26.583333333333332
172,"Mińsk Białoruski 1941",1941,"Sławomir Kosim","2009",https://pl.wikipedia.org/wiki/Mi%C5%84sk,53.9,27.55
173,"Sedan 1870",1870,"Ryszard Dzieszyński","2009",https://pl.wikipedia.org/wiki/Bitwa_pod_Sedanem,49.7,4.944444444444445
174,"Monte Cassino 1944",1944,"Zbigniew Wawer","2009",https://pl.wikipedia.org/wiki/Bitwa_o_Monte_Cassino,41.49,13.81388888888889
175,"Wojna meksykańska 1861–1867",1861,"Jarosław Wojtczak","2009,2022",https://pl.wikipedia.org/wiki/Meksyk_(miasto),19.419444444444444,-99.14555555555556
176,"Verdun 1916",1916,"Jarosław Centek","2009,2014",https://pl.wikipedia.org/wiki/Bitwa_pod_Verdun,49.20805555555556,5.421944444444445
177,"Masada 66–73",66,"Bernard Nowaczyk","2009,2023",https://pl.wikipedia.org/wiki/Obl%C4%99%C5%BCenie_Masady,31.315555555555555,35.353611111111114
178,"Westerplatte–Oksywie–Hel 1939",1939,"Piotr Derdej","2009",https://pl.wikipedia.org/wiki/Bitwa_o_K%C4%99p%C4%99_Oksywsk%C4%85,54.54857111111111,18.54612388888889
179,"Warszawa 1939",1939,"Lech Wyszczelski","2009",https://pl.wikipedia.org/wiki/Obrona_Warszawy_(1939),52.23222222222223,21.008333333333333
180,"Racławice 1794",1794,"Bartłomiej Szyndler","2009",https://pl.wikipedia.org/wiki/Bitwa_pod_Rac%C5%82awicami,50.31055555555555,20.228888888888886
181,"Płowce 1331",1331,"Piotr Strzyż","2009",https://pl.wikipedia.org/wiki/Bitwa_pod_P%C5%82owcami,52.6156,18.6439
182,"Bałkany 1912–1913",1912,"Robert Rabka","2010",https://pl.wikipedia.org/wiki/Bitwa_pod_Czatald%C5%BC%C4%85_(1912),41.141667,28.463056
183,"Jutlandia 1916. Bitwa morska",1916,"Geoffrey Bennett","2010",https://pl.wikipedia.org/wiki/Bitwa_jutlandzka,56.7,5.9
184,"Kyme 474 p.n.e.",-474,"Marta Korczyńska-Zdąbłarz","2010",https://it.wikipedia.org/wiki/Cuma,40.84861111111111,14.053611111111111
185,"Boreml 1831",1831,"Dariusz Ostapowicz","2010",https://pl.wikipedia.org/wiki/Bitwa_pod_Ostro%C5%82%C4%99k%C4%85_(1831),53.0833,21.5833
186,"Ramillies 1706",1706,"Rafał Radziwonka","2010",https://en.wikipedia.org/wiki/Battle_of_Ramillies,50.63861111111111,4.912777777777778
187,"Panama 1671",1671,"Jarosław Molenda","2010",https://en.wikipedia.org/wiki/Henry_Morgan%27s_Panama_expedition,9.0075,-79.485
188,"Madagaskar 1942",1942,"Józef Wiesław Dyskant","2010",https://pl.wikipedia.org/wiki/Bitwa_o_Madagaskar,-12.266666666666667,49.28333333333333
189,"Wojna zuluska 1879",1879,"Piotr Fiszka-Borzyszkowski","2010,2024",https://pl.wikipedia.org/wiki/Bitwa_pod_Rorke%E2%80%99s_Drift,-28.358,30.536583333333336
190,"Samhorodek–Komarów 1920",1920,"Włodzimierz Nowak","2010",https://pl.wikipedia.org/wiki/Bitwa_pod_Komarowem,50.633,23.4833
191,"Chiny 1946–1949",1946,"Jakub Polit","2010",https://pl.wikipedia.org/wiki/II_bitwa_o_Siping,43.163333333333334,124.45111111111112
192,"Salamina–Plateje 480–479 p.n.e.",-480,"Grzegorz Lach","2010",https://pl.wikipedia.org/wiki/Bitwa_pod_Platejami,38.24,23.318
193,"Stoczek–Nowa Wieś 1831",1831,"Tomasz Strzeżek","2010",https://pl.wikipedia.org/wiki/Bitwa_pod_Stoczkiem,51.96666666666667,21.966666666666665
194,"Ofensywa Tet 1968",1968,"Przemysław Benken","2010",https://pl.wikipedia.org/wiki/Ofensywa_T%E1%BA%BFt,11.0,107.0
195,"Czesma 1770",1770,"Piotr Olender","2011",https://en.wikipedia.org/wiki/Battle_of_Chesma,38.330000000000005,26.290000000000003
196,"Jena i Auerstädt 1806",1806,"Sławomir Leśniewski","2011",https://pl.wikipedia.org/wiki/Bitwa_pod_Jen%C4%85-Auerstedt,50.93333333333333,11.583333333333334
197,"Ostrołęka 1831",1831,"Michał Leszczyński","2011",https://pl.wikipedia.org/wiki/Bitwa_pod_Ostro%C5%82%C4%99k%C4%85_(1831),53.0833,21.5833
198,"Wojny markomańskie 162–185 n.e.",162,"Marek Olędzki","2011,2023",https://pl.wikipedia.org/wiki/Panonia,44.9,19.016666666666666
199,"Wojna paragwajska 1864–1870",1864,"Jarosław Wojtczak","2011",https://pl.wikipedia.org/wiki/Bitwa_u_uj%C5%9Bcia_Riachuelo,-27.56222222222222,-58.83916666666667
200,"Somma 1916",1916,"Jarosław Centek","2011",https://pl.wikipedia.org/wiki/Bitwa_nad_Somm%C4%85,50.01555555555556,2.6975000000000002
201,"Vilcabamba 1572",1572,"Roman Warszewski","2011",https://pl.wikipedia.org/wiki/Vilcabamba,-10.478055555555555,-76.4475
202,"Puszcza Kampinoska–Jaktorów 1944",1944,"Szymon Nowak","2011",https://pl.wikipedia.org/wiki/Jaktor%C3%B3w,52.09055555555556,20.546944444444446
203,"Polesie 1939",1939,"Wojciech Włodarkiewicz","2011",https://pl.wikipedia.org/wiki/Bitwa_pod_Kockiem_(1939),51.63333333333333,22.433333333333334
204,"Pearl Harbor 1941",1941,"Jarosław Jastrzębski","2011",https://pl.wikipedia.org/wiki/Bitwa_na_Morzu_Koralowym,-16.266666666666666,162.33333333333334
205,"Ayacucho 1824",1824,"Jarosław Spyra","2011",https://pl.wikipedia.org/wiki/Bitwa_pod_Ayacucho,-13.0425,-74.13166666666666
206,"Konstantynopol 1204",1204,"Sławomir Leśniewski","2012,2022",https://pl.wikipedia.org/wiki/Konstantynopol,41.0125,28.979999999999997
207,"Wojna burska 1880–1881",1880,"Piotr Fiszka-Borzyszkowski","2012,2023",https://pl.wikipedia.org/wiki/Bitwa_na_wzg%C3%B3rzu_Majuba,-27.4616,29.8613
208,"Amida 359",359,"Tomasz Szeląg","2012",https://pl.wikipedia.org/wiki/Obl%C4%99%C5%BCenie_Amidy,37.91667,40.21667
209,"Insurekcja warszawska 1794",1794,"Wojciech Kępka-Mariański","2012",https://pl.wikipedia.org/wiki/Bitwa_pod_Rac%C5%82awicami,50.31055555555555,20.228888888888886
210,"Culloden Moor 1746",1746,"Jarosław Wojtczak","2012",https://pl.wikipedia.org/wiki/Bitwa_pod_Culloden,57.477222222222224,-4.092499999999999
211,"Fort Pillow 1864",1864,"Michał Staniszewski","2012",https://en.wikipedia.org/wiki/Battle_of_Fort_Pillow,35.6325,-89.84861111111111
212,"Chojnice 1454, Świecino 1462",1454,"Bernard Nowaczyk","2012",https://pl.wikipedia.org/wiki/Bitwa_pod_Chojnicami,53.68847222222222,17.56263888888889
213,"Wojny guarańskie 1628–1756",1628,"Jarosław Molenda","2012",https://pl.wikipedia.org/wiki/Rio_Grande_do_Sul,-29.75,-53.15
214,"Boliwia 1966–1967",1966,"Roman Warszewski","2012",https://pl.wikipedia.org/wiki/Boliwia,-17.05686961111111,-64.99122861111111
215,"Kampania Langiewicza 1863",1863,"Wojciech Kalwat","2012",https://pl.wikipedia.org/wiki/Bitwa_pod_Grochowiskami,50.487500000000004,20.636944444444445
216,"Guadalcanal 1942–1943",1942,"Michał A. Piegzik","2013",https://pl.wikipedia.org/wiki/I_bitwa_pod_Guadalcanalem,-9.186111111111112,159.89499999999998
217,"Góry Pindos 1943–1949",1943,"Andrzej Murawski","2013",https://en.wikipedia.org/wiki/Pindus,40.08888888888889,20.92527777777778
218,"Flandria 1940",1940,"Paweł Korzeniowski","2013",https://pl.wikipedia.org/wiki/Operacja_Dynamo,51.03333333333333,2.3666666666666667
219,"Texel 1673",1673,"Maciej Franz, Anna Pastorek","2013",https://pl.wikipedia.org/wiki/Bitwa_morska_pod_Texel,53.15,4.6
220,"Kleidion 1014",1014,"Łukasz Migniewicz","2013",https://pl.wikipedia.org/wiki/Bitwa_pod_Klidion,41.36666666666667,23.016666666666666
221,"Antietam 1862",1862,"Piotr Groblewski","2013",https://pl.wikipedia.org/wiki/Bitwa_nad_Antietam,39.473333333333336,-77.74472222222222
222,"Vercellae 101 p.n.e.",-101,"Paweł Rochala","2013,2021,2023",https://pl.wikipedia.org/wiki/Bitwa_pod_Vercellae,45.316667,8.416667
223,"Wilno 1944",1944,"Leszek Kania","2013",https://pl.wikipedia.org/wiki/Operacja_%E2%80%9EOstra_Brama%E2%80%9D,54.683299999999996,25.3167
224,"Iłża 1939",1939,"Piotr Zarzycki","2013",https://pl.wikipedia.org/wiki/Bitwa_pod_I%C5%82%C5%BC%C4%85_(1939),51.16222222222222,21.236944444444447
225,"Atlantyk 1939–1945",1939,"Tomasz Fijałkowski","2013",https://pl.wikipedia.org/wiki/Ocean_Atlantycki,0.0,-30.0
226,"Cuzco 1536–1537",1536,"Roman Warszewski","2013",https://pl.wikipedia.org/wiki/Obl%C4%99%C5%BCenie_Cuzco_(1536%E2%80%931537),-13.516666666666667,-71.97805555555556
227,"Minnesota 1862",1862,"Jarosław Wojtczak","2014",https://pl.wikipedia.org/wiki/Bitwa_o_Fort_Ridgely,44.451100000000004,-94.7308
228,"Aleksandria 1365",1365,"Łukasz Burkiewicz","2014",https://pl.wikipedia.org/wiki/Krucjata_aleksandryjska,31.199722222222224,29.871111111111112
229,"Cambrai 1917",1917,"Krzysztof Plewako","2014",https://pl.wikipedia.org/wiki/Bitwa_pod_Cambrai_(1917),50.1767,3.23556
230,"Wojna Czu z Han 209–202 p.n.e",-209,"Maciej Kuczyński","2014,2023",https://en.wikipedia.org/wiki/Northwestern_China,36.8,95.8
231,"Lwów 1920",1920,"Lech Wyszczelski","2014",https://pl.wikipedia.org/wiki/Bitwa_o_Lw%C3%B3w_(1920),49.8425,24.03222222222222
232,"Holenderskie Indie Wschodnie 1942",1942,"Michał A. Piegzik","2014",https://pl.wikipedia.org/wiki/Bitwa_pod_Balikpapan_(1942),-1.2461111111111112,116.82166666666666
233,"Limanowa 1914",1914,"Wacław Polakiewicz","2014",https://pl.wikipedia.org/wiki/Bitwa_pod_Marcinkowicami,49.669999999999995,20.648888888888887
234,"Chojnice 1939",1939,"Andrzej Lorbiecki, Marcin Wałdoch","2014",https://pl.wikipedia.org/wiki/Bitwa_pod_Krojantami,53.715,17.646944444444443
235,"Pomorze 1945",1945,"Marcin Leszczyński","2014",https://en.wikipedia.org/wiki/Pomerania,54.28333333333333,18.15
236,"Ipsos 301 p.n.e",-301,"Grzegorz Lach","2014",https://pl.wikipedia.org/wiki/Bitwa_pod_Ipsos,38.95,30.99
237,"Kongo 1965",1965,"Roman Warszewski","2014",https://pl.wikipedia.org/wiki/Demokratyczna_Republika_Konga,-2.9,23.7
238,"Festung Küstrin 1945",1945,"Andrzej Toczewski","2015",https://pl.wikipedia.org/wiki/Twierdza_Kostrzyn,52.57888888888889,14.635555555555555
239,"Callao 1866",1866,"Jarosław Wojtczak","2015",https://pl.wikipedia.org/wiki/Bitwa_pod_Callao,-12.047777777777778,-77.15361111111112
240,"Kraków 1768–1772",1768,"Ryszard Dzieszyński","2015",https://pl.wikipedia.org/wiki/Krak%C3%B3w,50.061388888888885,19.938333333333333
241,"Kreta 1941",1941,"Tomasz Jarmoła","2015,2024",https://pl.wikipedia.org/wiki/Bitwa_o_Kret%C4%99,35.5,24.061111111111114
242,"Crotone 982",982,"Robert F. Barkowski","2015,2023",https://pl.wikipedia.org/wiki/Bitwa_pod_Kroton%C4%85,39.0254,17.202199999999998
243,"Bolimów 1915",1915,"Stanisław Kaliński","2015,2021",https://pl.wikipedia.org/wiki/Bitwa_pod_Bolimowem,52.07640000000001,20.1631
244,"Pomorze 1920",1920,"Wojciech Zawadzki","2015",https://pl.wikipedia.org/wiki/Pomorze_Gda%C5%84skie,54.39015277777778,18.544922222222223
245,"Ignacewo 1863",1863,"Maciej Grzeszczak","2015",https://pl.wikipedia.org/wiki/I_bitwa_pod_Ignacewem,52.38916666666667,18.41777777777778
246,"Połabie 983",983,"Robert F. Barkowski","2015",https://pl.wikipedia.org/wiki/%C5%81aba,50.775555555555556,15.536388888888888
247,"Manzikert 1071",1071,"Stanisław Rek","2015,2022",https://pl.wikipedia.org/wiki/Bitwa_pod_Manzikertem,39.14472222222222,42.53916666666667
248,"Filipiny 1898–1902",1898,"Jarosław Wojtczak","2015",https://pl.wikipedia.org/wiki/Filipiny,12.0,123.0
249,"Macedonia–Epir–Albania 1912–1913",1912,"Robert Rabka","2016",https://pl.wikipedia.org/wiki/Albania,41.0,20.0
250,"Poitiers 732",732,"Robert F. Barkowski","2016,202",https://pl.wikipedia.org/wiki/Bitwa_pod_Poitiers_(732),47.3936,0.6892
251,"Kosowe Pole 1389",1389,"Stanisław Rek","2016",https://pl.wikipedia.org/wiki/Bitwa_na_Kosowym_Polu_(1389),42.63,21.12
252,"Kuba 1958–1959",1958,"Roman Warszewski","2016",https://pl.wikipedia.org/wiki/Bitwa_o_Santa_Clar%C4%99,22.405278,-79.954167
253,"Indie–Pakistan 1971",1971,"Jarosław Dobrzelewski","2016",https://en.wikipedia.org/wiki/Battle_of_Dhalai,24.21861111111111,91.8261111111111
254,"Nad Wieprzem 1920",1920,"Piotr Krukowski","2016",https://pl.wikipedia.org/wiki/Mazowsze,52.977359,19.020299
255,"Lechowe Pole 955",955,"Robert F. Barkowski","2016,2023",https://pl.wikipedia.org/wiki/Bitwa_nad_rzek%C4%85_Lech_(955),48.36666666666667,10.9
256,"Morze Koralowe 1942",1942,"Michał A. Piegzik","2016",https://pl.wikipedia.org/wiki/Bitwa_na_Morzu_Koralowym,-16.266666666666666,162.33333333333334
257,"Wołyń 1939",1939,"Wojciech Włodarkiewicz","2016",https://pl.wikipedia.org/wiki/Wo%C5%82y%C5%84,50.73888888888889,25.323333333333334
258,"Ktezyfont 363",363,"Adrian Drabik","2016",https://pl.wikipedia.org/wiki/Bitwa_pod_Singar%C4%85,36.3225,41.864167
259,"Massalia 49 p.n.e.",-49,"Tomasz Romanowski","2016",https://pl.wikipedia.org/wiki/Obl%C4%99%C5%BCenie_Massalii,43.29667,5.37639
260,"Natal 1899–1900",1899,"Tomasz Greniuch","2017",https://pl.wikipedia.org/wiki/Bitwa_pod_Paardeberg,-28.982499999999998,25.093055555555555
261,"Krucjata połabska 1147",1147,"Robert F. Barkowski","2017,2023",https://de.wikipedia.org/wiki/Mecklenburg-Vorpommern,53.612062,12.700195
262,"Getto warszawskie 1943",1943,"Tomasz Kubicki","2017",https://pl.wikipedia.org/wiki/Powstanie_w_getcie_warszawskim,52.24611111111111,20.995833333333334
263,"Kostiuchnówka 1916",1916,"Tomasz Dudek","2017",https://pl.wikipedia.org/wiki/Bitwa_pod_Kostiuchn%C3%B3wk%C4%85,51.34305555555556,25.759722222222223
264,"La Plata 1806–1807",1806,"Jarosław Wojtczak","2017",https://pl.wikipedia.org/wiki/Bitwa_pod_Waterloo,50.67805555555555,4.412222222222223
265,"Kanał Sueski 1956",1956,"Roman Marcinek","2017",https://pl.wikipedia.org/wiki/Kana%C5%82_Sueski,30.705,32.344166666666666
266,"Syberia 1581–1697",1581,"Robert F. Barkowski","2017",https://en.wikipedia.org/wiki/Siberia,61.0,105.0
267,"Mińsk 1919",1919,"Lech Wyszczelski","2017",https://pl.wikipedia.org/wiki/Mi%C5%84sk,53.9,27.55
268,"Północny Atlantyk 1914–1918",1914,"Tomasz Fijałkowski","2017",https://pl.wikipedia.org/wiki/Bitwa_ko%C5%82o_Helgolandu_(1914),54.19,7.51
269,"Bosworth 1485",1485,"Jarosław Wojtczak","2017",https://pl.wikipedia.org/wiki/Bitwa_pod_Bosworth,52.59111111111111,-1.4102777777777777
270,"Byczyna 1588",1588,"Ryszard Dzieszyński","2017",https://pl.wikipedia.org/wiki/Bitwa_pod_Byczyn%C4%85,51.11333333333334,18.2625
271,"Konstantynopol 626",626,"Łukasz Czarnecki","2017",https://pl.wikipedia.org/wiki/Konstantynopol,41.0125,28.979999999999997
272,"Budziszyn 1002–1018",1002,"Robert F. Barkowski","2018,2025",https://pl.wikipedia.org/wiki/Obl%C4%99%C5%BCenie_Lubusza,52.42611111111111,14.535
273,"Cholula 1519",1519,"Roman Warszewski","2018",https://pl.wikipedia.org/wiki/Cholula,19.05,-98.51666666666667
274,"Brytania 55–54 p.n.e.",-55,"Tomasz Romanowski","2018",https://pl.wikipedia.org/wiki/Brytania,52.22,-0.57
275,"Kraśnik 1914",1914,"Jan Błachnio","2018",https://pl.wikipedia.org/wiki/Bitwa_pod_Kra%C5%9Bnikiem,50.933299999999996,22.2167
276,"Operacja Ho Chi Minh 1975",1975,"Janusz Lizut","2018",https://pl.wikipedia.org/wiki/Bitwa_o_Xu%C3%A2n_L%E1%BB%99c,10.923333333333332,107.23916666666666
277,"Płock 1920",1920,"Grzegorz Gołębiewski","2018",https://pl.wikipedia.org/wiki/P%C5%82ock,52.54722222222222,19.7
278,"Grenada 1492",1492,"Roman Warszewski","2018",https://pl.wikipedia.org/wiki/Bitwa_pod_Las_Navas_de_Tolosa,38.343,-3.5490277777777774
279,"Paryż 885–886",885,"Robert F. Barkowski","2018,2023",https://pl.wikipedia.org/wiki/Obl%C4%99%C5%BCenie_Pary%C5%BCa_przez_wiking%C3%B3w,48.854,2.347
280,"Kadyks 1810–1812",1810,"Krzysztof Mazowski","2018",https://pl.wikipedia.org/wiki/Bitwa_pod_Barros%C4%85,36.37188888888889,-6.1765
281,"Powstanie Wielkopolskie 1918–1919",1918,"Lech Wyszczelski","2018",https://pl.wikipedia.org/wiki/Bitwa_o_Lw%C3%B3w_(1918%E2%80%931919),49.83,24.0142
282,"Jezioro Pejpus 1242",1242,"Jerzy Pluta","2018",https://pl.wikipedia.org/wiki/Bitwa_na_jeziorze_Pejpus,58.233333333333334,27.5
283,"Rawicz 1919",1919,"Jakub Staszak","2019",https://pl.wikipedia.org/wiki/Rawicz,51.60916666666667,16.8575
284,"Kijów 1018",1018,"Robert F. Barkowski","2019",https://pl.wikipedia.org/wiki/Bitwa_pod_Wo%C5%82yniem,50.79861111111111,23.948333333333334
285,"Amiens 1918",1918,"Witold Ławrynowicz","2019",https://pl.wikipedia.org/wiki/Bitwa_pod_Amiens,49.89388888888889,2.2941666666666665
286,"Włocławek 1914",1914,"Tomasz Cybulski","2019",https://pl.wikipedia.org/wiki/W%C5%82oc%C5%82awek,52.66083333333333,19.06861111111111
287,"Ankara 1402",1402,"Stanisław Rek","2019,2025",https://pl.wikipedia.org/wiki/Bitwa_pod_Ankar%C4%85,40.15,32.95
288,"Ulm 1805",1805,"Robert F. Barkowski","2019",https://pl.wikipedia.org/wiki/Bitwa_pod_Ulm,48.38333333333333,9.983333333333333
289,"Ocean Indyjski 1942",1942,"Michał A. Piegzik","2019",https://pl.wikipedia.org/wiki/Ocean_Indyjski,-20.0,80.0
290,"Smoleńsk 1609–1611",1609,"Katarzyna Słodowy","2019",https://pl.wikipedia.org/wiki/Obl%C4%99%C5%BCenie_Smole%C5%84ska_(1609%E2%80%931611),54.7833,32.05
291,"Dworzec Gdański 1944",1944,"Szymon Nowak","2019",https://pl.wikipedia.org/wiki/Pomnik_%C5%BCo%C5%82nierzy_AK_poleg%C5%82ych_w_ataku_na_Dworzec_Gda%C5%84ski_w_Warszawie,52.2615,20.993000000000002
292,"Przebraże 1943",1943,"Tomasz Dudek","2019",https://pl.wikipedia.org/wiki/Obrona_Przebra%C5%BCa,50.89972222222222,25.595
293,"Kraków 1655–1657",1655,"Ryszard Dzieszyński","2019",https://pl.wikipedia.org/wiki/Bitwa_pod_Wojniczem,49.9667,20.8333
294,"Myriokefalon 1176",1176,"Stanisław Rek","2019",https://pl.wikipedia.org/wiki/Bitwa_pod_Myriokefalon,37.910676,31.946613
295,"Hydaspes 326 p.n.e.",-326,"Michał Piekarski","2019",https://pl.wikipedia.org/wiki/Bitwa_nad_rzek%C4%85_Hydaspes,32.82777777777778,73.6388888888889
296,"Torres Vedras 1810",1810,"Krzysztof Mazowski","2019",https://pl.wikipedia.org/wiki/Bitwa_nad_Gebor%C4%85,38.894999999999996,-6.98
297,"Beer Szewa 1917",1917,"Jarosław Wojtczak","2020",https://pl.wikipedia.org/wiki/Beer_Szewa,31.2575,34.79527777777778
298,"Siemiatycze 1863",1863,"Ernest Szum","2020",https://pl.wikipedia.org/wiki/Bitwa_pod_Siemiatyczami,52.42722222222222,22.8625
299,"Galia belgijska 57–51 p.n.e.",-57,"Tomasz Romanowski","2020",https://pl.wikipedia.org/wiki/Bitwa_nad_rzek%C4%85_Sabis,50.233333333333334,3.441666666666667
300,"Mohacz 1526",1526,"Stanisław Rek","2020",https://pl.wikipedia.org/wiki/Bitwa_pod_Mohaczem,45.94138888888889,18.647222222222222
301,"Don 1917–1918",1917,"Krzysztof Marcinek","2020",https://pl.wikipedia.org/wiki/Bitwa_o_Carycyn,48.7,44.5167
302,"Nasielsk 1920",1920,"Lech Wyszczelski","2020",https://pl.wikipedia.org/wiki/Nasielsk,52.58972222222222,20.804166666666667
303,"Ciechanów 1920",1920,"Lech Wyszczelski","2020",https://pl.wikipedia.org/wiki/Ciechan%C3%B3w,52.88166666666667,20.610555555555557
304,"Wyspy Brytyjskie 1940",1940,"Robert Gretzyngier, Wojciech Matusiak","2020",https://pl.wikipedia.org/wiki/Obl%C4%99%C5%BCenie_Malty_(1940%E2%80%931942),35.8833,14.45
305,"Małopolska Wschodnia 1939",1939,"Wojciech Włodarkiewicz","2020",https://pl.wikipedia.org/wiki/Wojew%C3%B3dztwo_stanis%C5%82awowskie,48.9234,24.7101
306,"Konungahella 1135",1135,"Robert F. Barkowski","2020,2025",https://pl.wikipedia.org/wiki/Bitwa_o_Konungahel%C4%99,57.86666666666667,11.983333333333333
307,"Karpacka kampania Legionów Polskich 1914–1915",1914,"Tomasz Dudek","2020",https://pl.wikipedia.org/wiki/Mo%C5%82otk%C3%B3w,48.66111111111111,24.484444444444446
308,"Iłża 1864",1864,"Grzegorz Cwyl","2021",https://pl.wikipedia.org/wiki/Bitwa_pod_I%C5%82%C5%BC%C4%85_(1864),51.162222,21.236944
309,"Fulford–Stamford Bridge 1066",1066,"Cezary Namirski","2021",https://pl.wikipedia.org/wiki/Bitwa_pod_Stamford_Bridge,53.9925,-0.9125
310,"Nikopolis 1396",1396,"Stanisław Rek","2021",https://pl.wikipedia.org/wiki/Bitwa_pod_Nikopolis_(1396),43.70583333333334,24.895833333333332
311,"Góra św Anny–Kędzierzyn 1921",1921,"Leszek Kania","2021",https://pl.wikipedia.org/wiki/K%C4%99dzierzyn-Ko%C5%BAle,50.344722222222224,18.20861111111111
312,"Zawichost 1205",1205,"Artur Foryt","2021",https://pl.wikipedia.org/wiki/Bitwa_pod_Zawichostem,50.806,21.858800000000002
313,"Rugia 1168",1168,"Robert F. Barkowski","2021",https://pl.wikipedia.org/wiki/Rugia,54.416666666666664,13.366666666666667
314,"Lwów 1944",1944,"Damian Karol Markowski","2021",https://en.wikipedia.org/wiki/Lviv,49.8425,24.03222222222222
315,"Saragossa 1808–1809",1808,"Krzysztof Mazowski","2021",https://pl.wikipedia.org/wiki/Obl%C4%99%C5%BCenie_Saragossy_(1808),41.65,-0.88333
316,"Marna 1914",1914,"Jarosław Centek","2021",https://pl.wikipedia.org/wiki/I_bitwa_nad_Marn%C4%85,49.016666666666666,3.3833333333333333
317,"Krym, Donieck, Ługańsk 2014–2015",2014,"Michał Klimecki","2021",https://pl.wikipedia.org/wiki/Wojna_w_Donbasie,48.0,38.0
318,"Gabiene 316 p.n.e.",-316,"Michał Piekarski","2021",https://pl.wikipedia.org/wiki/Bitwa_pod_Gabiene,31.777205,51.801649
319,"Fallen Timbers 1794",1794,"Jarosław Wojtczak","2021",https://pl.wikipedia.org/wiki/Bitwa_pod_zapor%C4%85_z_pni,41.54416666666666,-83.6975
320,"Zaolzie 1919, 1938",1919,"Lech Wyszczelski","2022,2024",https://pl.wikipedia.org/wiki/Zaolzie,49.75,18.5
321,"Kadesz 1274 p.n.e.",-1274,"Dominik Stasiak","2022",https://pl.wikipedia.org/wiki/Bitwa_pod_Kadesz,34.55548611111111,36.49802777777778
322,"Pomorze 1807",1807,"Szymon Jagodziński","2022",https://pl.wikipedia.org/wiki/Obl%C4%99%C5%BCenie_Gda%C5%84ska_(1807),54.3667,18.633300000000002
323,"Gallipoli 1915–1916",1915,"Paweł Korzeniowski","2022",https://pl.wikipedia.org/wiki/Bitwa_o_Gallipoli,40.237500000000004,26.2775
324,"Fontenoy 841",841,"Robert F. Barkowski","2022",https://pl.wikipedia.org/wiki/Bitwa_pod_Fontenoy,50.5694,3.475
325,"Aleuty 1942–1943",1942,"Michał A. Piegzik","2022",https://pl.wikipedia.org/wiki/Bitwa_pod_Midway,30.0,-178.0
326,"Saint-Nazaire–Dieppe 1942",1942,"Tomasz Jarmoła","2022",https://pl.wikipedia.org/wiki/Bitwa_o_Brest,48.4,-4.483333333333333
327,"Powstanie wielkopolskie 1655–1657",1655,"Bartosz Staręgowski","2022",https://pl.wikipedia.org/wiki/Bitwa_pod_Uj%C5%9Bciem_(1655),53.052499999999995,16.733055555555556
328,"Czerniaków 1944",1944,"Szymon Nowak","2022",https://pl.wikipedia.org/wiki/Bitwa_pod_Warszaw%C4%85_(1944),52.418055555555554,21.18111111111111
329,"Las Argoński 1918",1918,"Jarosław Wojtczak","2022",https://en.wikipedia.org/wiki/Forest_of_Argonne,49.15,4.966666666666667
330,"Mazowsze 1047",1047,"Mariusz Samp","2022",https://pl.wikipedia.org/wiki/Mazowsze,52.977359,19.020299
331,"Oravais 1808",1808,"Krzysztof Mazowski","2023",https://en.wikipedia.org/wiki/Battle_of_Oravais,63.282777777777774,22.375
332,"Smyrna 1919–1922",1919,"Stanisław Rek","2023",https://en.wikipedia.org/wiki/Smyrna,38.41861111111111,27.139166666666664
333,"Pomorze Zachodnie 1185",1185,"Robert F. Barkowski","2023",https://pl.wikipedia.org/wiki/Wojew%C3%B3dztwo_zachodniopomorskie,53.6,15.533333333333333
334,"Kraków 1914",1914,"Henryk Łukasik","2023",https://pl.wikipedia.org/wiki/Pierwsza_bitwa_o_Krak%C3%B3w,50.061388888888885,19.938333333333333
335,"Weje 405–396 p.n.e.",-405,"Daniel Gazda","2023",https://pl.wikipedia.org/wiki/Weje,42.02388888888889,12.401388888888889
336,"Clontarf 1014",1014,"Cezary Namirski","2023",https://pl.wikipedia.org/wiki/Bitwa_pod_Clontarf,53.365,-6.197500000000001
337,"Newel 1562",1562,"Marek Plewczyński","2023",https://pl.wikipedia.org/wiki/Newel_(Rosja),56.016666666666666,29.933333333333334
338,"Arras 1917",1917,"Witold Ławrynowicz","2023",https://pl.wikipedia.org/wiki/Bitwa_pod_Arras_(1917),50.28972222222222,2.7808333333333333
339,"Trembowla 1675",1675,"Marek Wagner","2023",https://pl.wikipedia.org/wiki/Obl%C4%99%C5%BCenie_Kamie%C5%84ca_Podolskiego_(1672),48.68333333333333,26.583333333333332
340,"Tomaszów Lubelski 1939",1939,"Piotr Greszta","2023",https://pl.wikipedia.org/wiki/Bitwa_pod_Tomaszowem_Lubelskim,50.45,23.416700000000002
341,"Lenino 1943",1943,"Kamil Anduła","2023",https://pl.wikipedia.org/wiki/Bitwa_pod_Lenino,54.41711111111111,31.122194444444446
342,"Bibracte-Wogezy 58 p.n.e.",-58,"Tomasz Romanowski","2023",https://pl.wikipedia.org/wiki/Bitwa_u_st%C3%B3p_Wogez%C3%B3w,47.75,7.333333
343,"Pułtusk-Gołymin 1806",1806,"Szymon Jagodziński","2023",https://pl.wikipedia.org/wiki/Bitwa_pod_Go%C5%82yminem,52.81666666666667,20.866666666666667
344,"Kraj Głomaczów 1003",1003,"Mariusz Samp","2024",https://pl.wikipedia.org/wiki/Mi%C5%9Bnia,51.166666666666664,13.483333333333333
345,"Termopile 480 p.n.e.",-480,"Paweł Kupsik","2024",https://pl.wikipedia.org/wiki/Bitwa_pod_Termopilami,38.795833333333334,22.536944444444448
346,"Katanga 1960-1963",1960,"Daniel Kowalczuk","2024",https://pl.wikipedia.org/wiki/Katanga_(prowincja),-9.0,26.0
347,"Meksyk 1810-21",1810,"Jarosław Wojtczak","2024",https://pl.wikipedia.org/wiki/Meksyk,23.0,-102.0
348,"Morze Filipińskie 1944",1944,"Grzegorz Jeziorny","2024",https://pl.wikipedia.org/wiki/Bitwa_na_Morzu_Filipi%C5%84skim,20.0,130.0
349,"Bejrut 1982",1982,"Krzysztof Mroczkowski","2024",https://pl.wikipedia.org/wiki/Bejrut,33.88333333333333,35.5
350,"Lützen 1632",1632,"Marek Wagner","2024",https://pl.wikipedia.org/wiki/Bitwa_pod_L%C3%BCtzen_(1632),51.26777777777777,12.156666666666666
351,"Halidon Hill 1333",1333,"Cezary Namirski","2024",https://pl.wikipedia.org/wiki/Bitwa_pod_Halidon_Hill,55.7875,-2.05
352,"Tynne 1939",1939,"Grzegorz Cwyl","2024",https://pl.wikipedia.org/wiki/Tynne,51.161944444444444,26.762777777777778
353,"Askulum 90-89 p.n.e",-90,"Małgorzata Członkowska-Naumiuk","2024",https://pl.wikipedia.org/wiki/Bitwa_pod_Asculum_(89_p.n.e.),41.995,13.547222
354,"Frydland 1807",1807,"Szymon Jagodziński","2024",https://pl.wikipedia.org/wiki/Bitwa_pod_Frydlandem,54.45,21.016666666666666
355,"Nysa Łużycka-Łaba 1945",1945,"Leszek Kania","2024",https://pl.wikipedia.org/wiki/Operacja_berli%C5%84ska,52.51861111111111,13.376111111111111
356,"Dyrrachium 1081-1085",1081,"Robert F. Barkowski","2025",https://pl.wikipedia.org/wiki/Obl%C4%99%C5%BCenie_Durazzo,41.3,19.5
357,"Nakło 1109",1109,"Mariusz Samp","2025",https://pl.wikipedia.org/wiki/Bitwa_pod_Nak%C5%82em_(1109),53.141666666666666,17.6
358,"Paardeberg 1900",1900,"Tomasz Greniuch","2025",https://pl.wikipedia.org/wiki/Bitwa_pod_Paardeberg,-28.982499999999998,25.093055555555555
359,"Gorlice-Tarnów 1915",1915,"Piotr Szlanta","2025",https://pl.wikipedia.org/wiki/Bitwa_pod_Gorlicami,49.654444,21.159167
360,"Szwecja 1598-1599",1598,"Wojciech Krawczuk","2025",https://pl.wikipedia.org/wiki/Bitwa_pod_Stegeborgiem,58.4342,16.5983
